Baseline,rows,MAE,WMAE
Naive(1w),16.0,1043.1975,1252.8219130362795
SeasonalNaive(52w),2.0,2326.935,3170.529131211646
